{
  "averages" : {
    "AppStart" : 0.70480308930079139,
    "PageLoadTime" : 0.60090608596801753,
    "APICallDuration" : 0.55711180513555358
  },
  "timestamp" : "2025-07-21T01-49-19Z",
  "durations" : {
    "PageLoadTime" : [
      0.72785794734954834,
      0.76638698577880859,
      0.57580900192260742,
      0.49922394752502441,
      0.54754996299743652,
      0.57274997234344482,
      0.63659298419952393,
      0.54743707180023193,
      0.55472898483276367,
      0.58072400093078613
    ],
    "APICallDuration" : [
      1.0713930130004883,
      0.62571597099304199,
      0.51976191997528076,
      0.42287194728851318,
      0.4961249828338623,
      0.52007699012756348,
      0.54604601860046387,
      0.4517589807510376,
      0.50326001644134521,
      0.52926599979400635,
      0.44195401668548584
    ],
    "AppStart" : [
      0.67323803901672363,
      0.66823601722717285,
      1.2526220083236694,
      0.65052700042724609,
      0.63028204441070557,
      0.62555801868438721,
      0.62800109386444092,
      0.777413010597229,
      0.68014693260192871,
      0.62150394916534424,
      0.62428200244903564,
      0.62582695484161377
    ]
  }
}